,Last Name,First Name,height,weight,bmi
0,Bacot,Armando,83,240,25.241476750374996
1,Davis,RJ,72,180,25.157484567901232
2,Cadeau,Elliot,73,180,24.47295927941452
